{
  "hash": "b4d56aa1",
  "configHash": "d3c89aa2",
  "lockfileHash": "130f2c30",
  "browserHash": "d4db891c",
  "optimized": {
    "@angular/common": {
      "src": "../../../../../node_modules/@angular/common/fesm2022/common.mjs",
      "file": "@angular_common.js",
      "fileHash": "c5cb8eec",
      "needsInterop": false
    },
    "@angular/common/http": {
      "src": "../../../../../node_modules/@angular/common/fesm2022/http.mjs",
      "file": "@angular_common_http.js",
      "fileHash": "11fe64fb",
      "needsInterop": false
    },
    "@angular/core": {
      "src": "../../../../../node_modules/@angular/core/fesm2022/core.mjs",
      "file": "@angular_core.js",
      "fileHash": "08baa9c7",
      "needsInterop": false
    },
    "@angular/forms": {
      "src": "../../../../../node_modules/@angular/forms/fesm2022/forms.mjs",
      "file": "@angular_forms.js",
      "fileHash": "569a41db",
      "needsInterop": false
    },
    "@angular/platform-browser": {
      "src": "../../../../../node_modules/@angular/platform-browser/fesm2022/platform-browser.mjs",
      "file": "@angular_platform-browser.js",
      "fileHash": "67d25a33",
      "needsInterop": false
    },
    "@angular/router": {
      "src": "../../../../../node_modules/@angular/router/fesm2022/router.mjs",
      "file": "@angular_router.js",
      "fileHash": "74d49f14",
      "needsInterop": false
    },
    "rxjs": {
      "src": "../../../../../node_modules/rxjs/dist/esm5/index.js",
      "file": "rxjs.js",
      "fileHash": "cbf5a116",
      "needsInterop": false
    }
  },
  "chunks": {
    "chunk-CC3NMCQN": {
      "file": "chunk-CC3NMCQN.js"
    },
    "chunk-KHEYWSLQ": {
      "file": "chunk-KHEYWSLQ.js"
    },
    "chunk-HFOQLTAW": {
      "file": "chunk-HFOQLTAW.js"
    },
    "chunk-4FFVUQGS": {
      "file": "chunk-4FFVUQGS.js"
    },
    "chunk-SXIXOCJ4": {
      "file": "chunk-SXIXOCJ4.js"
    }
  }
}